사용월,호선명,역ID,지하철역,유임승차,유임하차,무임승차,무임하차
2022-06,1호선,0150,서울역,1150754,1123193,194717,187155
2022-06,1호선,0151,시청,537067,543569,80671,78279
2022-06,1호선,0152,종각,834173,815704,131987,121717
2022-06,1호선,0153,종로3가,450317,404106,299617,278151
2022-06,1호선,0154,종로5가,394420,404105,254236,244555
2022-06,1호선,0155,동대문,212719,198987,117499,118515
2022-06,1호선,0156,신설동,264825,252339,112362,106855
2022-06,1호선,0157,제기동,218782,209109,263173,281985
2022-06,1호선,0158,청량리(서울시립대입구),328288,325365,246164,249818
2022-06,1호선,0159,동묘앞,122460,131299,146455,147539
2022-06,2호선,0201,시청,545554,526572,51342,46078
2022-06,2호선,0202,을지로입구,971745,1007534,92660,87142
2022-06,2호선,0203,을지로3가,536508,541688,72308,71915
2022-06,2호선,0204,을지로4가,265268,268802,76535,74937
2022-06,2호선,0205,동대문역사문화공원(DDP),306073,352795,53494,59289
2022-06,2호선,0206,신당,304039,315924,91391,92351
2022-06,2호선,0207,상왕십리,330852,315918,63503,64289
2022-06,2호선,0208,왕십리(성동구청),414937,347476,50943,43164
2022-06,2호선,0209,한양대,269240,295829,12481,13227
2022-06,2호선,0210,뚝섬,551569,592153,57844,58509
2022-06,2호선,0211,성수,872922,970271,98360,100417
2022-06,2호선,0212,건대입구,942052,1023160,87332,91534
2022-06,2호선,0213,구의(광진구청),546203,530279,98118,99292
2022-06,2호선,0214,강변(동서울터미널),816158,778010,118974,115032
2022-06,2호선,0215,잠실나루,309228,300158,81339,81143
2022-06,2호선,0216,잠실(송파구청),1862829,1830324,193944,183893
2022-06,2호선,0217,잠실새내,507827,512488,101903,101681
2022-06,2호선,0218,종합운동장,342239,380148,51889,53791
2022-06,2호선,0219,삼성(무역센터),1336734,1358393,112903,105588
2022-06,2호선,0220,선릉,1245231,1103735,201887,177819
2022-06,2호선,0221,역삼,1160459,1322033,147014,150062
2022-06,2호선,0222,강남,2055521,2039847,154473,136085
2022-06,2호선,0223,교대(법원.검찰청),740847,840069,149570,170124
2022-06,2호선,0224,서초,505375,477695,80348,80634
2022-06,2호선,0225,방배,398332,416958,72021,71264
2022-06,2호선,0226,사당,914750,1035094,201919,195837
2022-06,2호선,0227,낙성대(강감찬),671953,639987,104158,105505
2022-06,2호선,0228,서울대입구(관악구청),1135276,1113916,173256,165685
2022-06,2호선,0229,봉천,524535,472265,142143,141467
2022-06,2호선,0230,신림,1465285,1400575,205673,205118
2022-06,2호선,0231,신대방,607134,580534,119656,121011
2022-06,2호선,0232,구로디지털단지,1410353,1402401,163090,164424
2022-06,2호선,0233,대림(구로구청),564097,574663,118611,122173
2022-06,2호선,0234,신도림,1172265,1189184,195346,185455
2022-06,2호선,0235,문래,494418,516423,89485,88440
2022-06,2호선,0236,영등포구청,482961,505867,94537,94163
2022-06,2호선,0237,당산,448819,522271,57315,62719
2022-06,2호선,0238,합정,832274,910324,66386,67132
2022-06,2호선,0239,홍대입구,1638384,1774322,92453,89416
2022-06,2호선,0240,신촌,863076,881171,116980,114549
2022-06,2호선,0241,이대,336055,357608,46177,47981
2022-06,2호선,0242,아현,231607,215140,61419,61058
2022-06,2호선,0243,충정로(경기대입구),217199,233674,44741,44894
2022-06,2호선,0244,용답,64332,63420,16494,16276
2022-06,2호선,0245,신답,36676,40739,9242,9855
2022-06,2호선,0246,신설동,71771,68036,31627,33092
2022-06,2호선,0247,도림천,28226,28769,7935,8593
2022-06,2호선,0248,양천구청,144813,148158,47395,47693
2022-06,2호선,0249,신정네거리,221497,223866,68371,69329
2022-06,2호선,0250,용두(동대문구청),43001,41838,21471,22751
2022-06,3호선,0309,지축,117337,107140,27101,25854
2022-06,3호선,0310,구파발,474141,464937,114807,110444
2022-06,3호선,0311,연신내,775829,725306,247292,238486
2022-06,3호선,0312,불광,326645,348085,133400,147029
2022-06,3호선,0313,녹번,355050,307789,74253,72457
2022-06,3호선,0314,홍제,361178,333046,134172,131609
2022-06,3호선,0315,무악재,81059,79548,28374,30478
2022-06,3호선,0316,독립문,139771,148555,65896,65950
2022-06,3호선,0317,경복궁(정부서울청사),586455,623760,134033,147911
2022-06,3호선,0318,안국,559332,574134,101617,100186
2022-06,3호선,0319,종로3가,212909,261537,56270,64194
2022-06,3호선,0320,을지로3가,232819,242625,47163,44552
2022-06,3호선,0321,충무로,36,0,1,0
2022-06,3호선,0322,동대입구,211948,232136,36892,40676
2022-06,3호선,0323,약수,284339,276533,77276,73517
2022-06,3호선,0324,금호,170865,153698,51966,50607
2022-06,3호선,0325,옥수,197965,203869,57656,57476
2022-06,3호선,0326,압구정,752696,820242,129622,127143
2022-06,3호선,0327,신사,722069,771661,67483,66759
2022-06,3호선,0328,잠원,104623,101231,29642,28323
2022-06,3호선,0329,고속터미널,1179733,1153461,186879,179024
2022-06,3호선,0330,교대(법원.검찰청),314586,205325,69311,41079
2022-06,3호선,0331,남부터미널(예술의전당),693612,705728,115775,117499
2022-06,3호선,0332,양재(서초구청),847047,940289,145757,147282
2022-06,3호선,0333,매봉,267613,261414,61710,57457
2022-06,3호선,0334,도곡,120504,123751,24904,23644
2022-06,3호선,0335,대치,251989,250448,61658,59055
2022-06,3호선,0336,학여울,47144,49761,17182,17046
2022-06,3호선,0337,대청,222629,203491,57431,54844
2022-06,3호선,0338,일원,219247,208840,61639,61306
2022-06,3호선,0339,수서,391969,400179,103893,102441
2022-06,3호선,0340,가락시장,172572,169418,72459,70779
2022-06,3호선,0341,경찰병원,153556,151481,40141,41318
2022-06,3호선,0342,오금,140304,124799,28590,27540
2022-06,4호선,0409,당고개,185032,159967,71628,70225
2022-06,4호선,0410,상계,420916,382856,114903,112864
2022-06,4호선,0411,노원,443802,514089,87974,87341
2022-06,4호선,0412,창동,528336,561575,189874,196177
2022-06,4호선,0413,쌍문,647212,580526,155891,152936
2022-06,4호선,0414,수유(강북구청),764990,759495,182152,182233
2022-06,4호선,0415,미아(서울사이버대학),313670,293762,104151,105705
2022-06,4호선,0416,미아사거리,593716,569425,173002,171370
2022-06,4호선,0417,길음,476837,462088,111881,111794
2022-06,4호선,0418,성신여대입구(돈암),495473,472971,81266,79247
2022-06,4호선,0419,한성대입구(삼선교),319799,311741,69258,68091
2022-06,4호선,0420,혜화,817581,836904,122769,121059
2022-06,4호선,0421,동대문,391037,408377,152475,147019
2022-06,4호선,0422,동대문역사문화공원(DDP),374139,337572,55941,49194
2022-06,4호선,0423,충무로,589784,628053,110245,113038
2022-06,4호선,0424,명동,519995,547338,61160,62746
2022-06,4호선,0425,회현(남대문시장),490517,523086,191008,191242
2022-06,4호선,0426,서울역,271007,478174,37113,49378
2022-06,4호선,0427,숙대입구(갈월),332220,321641,51125,47440
2022-06,4호선,0428,삼각지,129409,156858,25768,27922
2022-06,4호선,0429,신용산,431844,459149,53014,54863
2022-06,4호선,0430,이촌(국립중앙박물관),212983,234064,53335,53817
2022-06,4호선,0431,동작(현충원),33839,38104,18500,17583
2022-06,4호선,0432,총신대입구(이수),387761,425401,143963,150729
2022-06,4호선,0433,사당,656363,556300,95350,95871
2022-06,4호선,0434,남태령,29845,24318,8678,7991
2022-06,경부선,1001,서울역,235060,67722,14909,3092
2022-06,경부선,1002,남영,224183,235565,35021,36554
2022-06,경부선,1003,용산,1023817,1042657,129074,127975
2022-06,경부선,1004,노량진,203504,197826,37937,35312
2022-06,경부선,1005,대방,255159,276392,60442,61740
2022-06,경부선,1006,영등포,944604,984425,246762,246804
2022-06,경부선,1007,신도림,91959,92336,26143,30136
2022-06,경부선,1032,신길,207354,177347,43859,41149
2022-06,경부선,1701,구로,420841,440234,95661,93044
2022-06,경부선,1702,가산디지털단지,421199,494689,34634,38733
2022-06,경부선,1703,금천구청,251333,249664,78218,79137
2022-06,경부선,1704,석수,221400,197058,48751,46223
2022-06,경부선,1705,관악,166021,154442,52864,50812
2022-06,경부선,1706,안양,586015,573630,113933,117495
2022-06,경부선,1707,명학,212157,207255,42013,41331
2022-06,경부선,1708,금정,642542,647579,116591,117060
2022-06,경부선,1709,군포,166721,162307,34973,33849
2022-06,경부선,1710,의왕,210824,208521,42393,41988
2022-06,경부선,1711,성균관대,360504,355445,51290,51449
2022-06,경부선,1712,화서,190300,182441,43877,42758
2022-06,경부선,1713,수원,974020,1032149,145395,147537
2022-06,경부선,1714,독산,419070,429336,63923,65008
2022-06,경부선,1715,세류,76036,69798,15913,15297
2022-06,경부선,1716,병점,378994,378938,66479,65989
2022-06,경부선,1717,세마,69549,65396,15379,14413
2022-06,경부선,1718,오산대,92948,85369,18868,17732
2022-06,경부선,1719,오산,257300,253574,46339,47386
2022-06,경부선,1720,진위,40620,35486,9524,9155
2022-06,경부선,1721,송탄,116835,113679,20712,19965
2022-06,경부선,1722,서정리,188107,179431,32869,32181
2022-06,경부선,1723,평택지제,102104,97071,12053,11520
2022-06,경부선,1724,평택,333031,333912,64196,63196
2022-06,경부선,1725,성환,113930,110390,19930,19675
2022-06,경부선,1726,직산,20834,20649,4905,4724
2022-06,경부선,1727,두정,175524,183247,22748,23257
2022-06,경부선,1728,천안,147262,143863,52425,53044
2022-06,경부선,1729,당정,153060,143454,31276,29962
2022-06,경부선,1749,서동탄,33295,29875,7988,7495
2022-06,경부선,1750,광명,97908,82818,10225,9431
2022-06,경인선,1801,개봉,457676,435501,149544,155119
2022-06,경인선,1802,오류동,249418,222859,88755,87082
2022-06,경인선,1803,역곡,631034,612543,149901,153551
2022-06,경인선,1804,부천,741514,743804,201197,204114
2022-06,경인선,1805,송내,641303,636043,120045,118797
2022-06,경인선,1806,부평,728427,790302,134819,136719
2022-06,경인선,1807,백운,143639,138696,55456,56023
2022-06,경인선,1808,동암,350663,348331,94536,95065
2022-06,경인선,1809,주안,466677,420544,87485,78379
2022-06,경인선,1810,제물포,242676,227750,62255,61620
2022-06,경인선,1811,동인천,289894,276525,116517,113390
2022-06,경인선,1812,인천,84884,63488,43483,38887
2022-06,경인선,1813,구일,191470,199637,43722,42717
2022-06,경인선,1814,소사,193624,185222,62039,61416
2022-06,경인선,1815,부개,185658,167756,63547,62335
2022-06,경인선,1816,간석,126183,117198,42674,41248
2022-06,경인선,1817,도원,67240,64896,29243,30408
2022-06,경인선,1821,온수(성공회대입구),150450,138642,48145,46854
2022-06,경인선,1822,중동,198106,180859,68016,66653
2022-06,경인선,1823,도화,84207,75738,37986,36708
2022-06,경원선,1008,이촌(국립중앙박물관),86527,62851,27848,23496
2022-06,경원선,1009,서빙고,45828,42826,16398,15511
2022-06,경원선,1010,한남,86402,83588,28027,25953
2022-06,경원선,1011,옥수,1418,1013,134,95
2022-06,경원선,1012,응봉,38761,31925,17183,15392
2022-06,경원선,1013,왕십리(성동구청),366803,402621,62150,66965
2022-06,경원선,1014,청량리(서울시립대입구),349145,352383,144457,149874
2022-06,경원선,1016,외대앞,185523,179701,40841,42590
2022-06,경원선,1017,신이문,170852,153478,66380,64352
2022-06,경원선,1018,석계,173524,195005,60384,64502
2022-06,경원선,1019,광운대,175744,171071,48135,47801
2022-06,경원선,1020,월계,149173,135550,58590,56054
2022-06,경원선,1021,녹천,96121,77216,36985,32924
2022-06,경원선,1022,창동,10,0,1,0
2022-06,경원선,1901,방학,180113,174237,102780,101842
2022-06,경원선,1902,도봉,103107,95198,68248,67220
2022-06,경원선,1903,도봉산,133936,76123,110530,88698
2022-06,경원선,1904,망월사,174345,174961,66540,67986
2022-06,경원선,1905,회룡,222825,219069,142728,141480
2022-06,경원선,1906,의정부,441656,462415,106221,108530
2022-06,경원선,1907,가능,139026,131155,55693,54568
2022-06,경원선,1908,녹양,96290,89936,36892,35340
2022-06,경원선,1909,양주,172983,160659,55633,54269
2022-06,경원선,1910,덕계,74254,65746,22684,21363
2022-06,경원선,1911,덕정,138429,131619,33770,33739
2022-06,경원선,1912,지행,154478,154152,44497,43898
2022-06,경원선,1913,동두천중앙,59098,56324,34862,34569
2022-06,경원선,1914,보산,38768,35071,13085,12436
2022-06,경원선,1915,동두천,46743,50548,23682,28407
2022-06,경원선,1916,소요산,32659,25998,62990,56806
2022-06,안산선,1751,산본,359032,390815,96111,97585
2022-06,안산선,1752,대야미,115661,101472,31430,29712
2022-06,안산선,1753,반월,95977,91407,30641,30184
2022-06,안산선,1754,상록수,387201,386180,70305,71022
2022-06,안산선,1755,한대앞,233984,232731,43085,44000
2022-06,안산선,1756,중앙,469048,489102,60411,59186
2022-06,안산선,1757,고잔,216679,207881,35708,34448
2022-06,안산선,1758,초지,123697,126235,16756,16964
2022-06,안산선,1759,안산,310877,288386,37615,34948
2022-06,안산선,1760,신길온천,43426,38931,10627,10419
2022-06,안산선,1761,정왕,236179,241593,27201,28318
2022-06,안산선,1762,오이도,217475,212393,38594,38030
2022-06,안산선,1763,수리산,88143,70670,30500,29178
2022-06,과천선,1450,선바위,191723,166468,36686,35698
2022-06,과천선,1451,경마공원,108415,112032,66918,67508
2022-06,과천선,1452,대공원,84216,87797,53645,54695
2022-06,과천선,1453,과천,142410,129672,43036,41222
2022-06,과천선,1454,정부과천청사,238562,235646,51966,51073
2022-06,과천선,1455,인덕원,569848,580189,110513,113800
2022-06,과천선,1456,평촌,407902,399446,63013,62875
2022-06,과천선,1457,범계,638894,636905,105866,103725
2022-06,분당선,1023,선릉,297312,463451,40972,55119
2022-06,분당선,1024,한티,348712,367484,64376,65724
2022-06,분당선,1025,도곡,149354,146904,46048,43836
2022-06,분당선,1026,구룡,46764,44023,15577,15025
2022-06,분당선,1027,개포동,83558,85056,25880,26032
2022-06,분당선,1028,대모산입구,96083,86455,30317,30312
2022-06,분당선,1030,수서,335226,344695,64553,66238
2022-06,분당선,1031,복정,18,0,1,0
2022-06,분당선,1846,수원,207895,176546,31207,28303
2022-06,분당선,1847,서울숲,298207,309583,31163,30114
2022-06,분당선,1848,압구정로데오,496552,574971,44118,42246
2022-06,분당선,1849,강남구청,215461,252201,36440,39719
2022-06,분당선,1850,선정릉,168879,182063,28915,27871
2022-06,분당선,1851,가천대,224322,244035,27051,28216
2022-06,분당선,1852,태평,295640,271741,89347,92606
2022-06,분당선,1853,모란,428069,423807,167357,179959
2022-06,분당선,1854,야탑,577537,607623,153849,153994
2022-06,분당선,1855,서현,573521,589565,118568,112990
2022-06,분당선,1856,수내,300402,291975,74201,70526
2022-06,분당선,1857,정자,421184,440230,68168,68019
2022-06,분당선,1858,미금,326281,344619,101803,108930
2022-06,분당선,1859,오리,251599,204293,70270,60036
2022-06,분당선,1860,이매,128372,118305,39064,38918
2022-06,분당선,1861,보정,54832,46622,19989,18865
2022-06,분당선,1862,죽전,320398,353922,68065,73204
2022-06,분당선,1863,구성,105699,111670,36936,37074
2022-06,분당선,1864,신갈,97186,95853,28793,29042
2022-06,분당선,1865,기흥,241391,226304,41849,40727
2022-06,분당선,1866,상갈,122636,119237,31750,30732
2022-06,분당선,1867,청명,101837,97796,18910,19041
2022-06,분당선,1868,영통,208324,212761,28573,28708
2022-06,분당선,1869,망포,363474,341440,36655,35223
2022-06,분당선,1870,매탄권선,127062,120720,20048,19533
2022-06,분당선,1871,수원시청,322153,354078,43092,43907
2022-06,분당선,1872,매교,67978,67635,18155,18331
2022-06,일산선,1948,원흥,253334,236733,58446,56024
2022-06,일산선,1949,지축,10,0,0,0
2022-06,일산선,1950,삼송,461637,437990,95334,96607
2022-06,일산선,1951,원당,238222,217830,78227,76713
2022-06,일산선,1952,화정,363654,368594,109034,111402
2022-06,일산선,1953,대곡,48933,38130,12329,11475
2022-06,일산선,1954,백석,205898,205044,68326,66962
2022-06,일산선,1955,마두,145132,146946,62387,63831
2022-06,일산선,1956,정발산,160933,169916,50695,47669
2022-06,일산선,1957,주엽,176379,170450,83084,86648
2022-06,일산선,1958,대화,290973,225166,79752,73642
2022-06,중앙선,1015,회기,597740,572831,121604,119310
2022-06,중앙선,1201,중랑,115112,106287,47960,46789
2022-06,중앙선,1202,상봉(시외버스터미널),130113,131490,38833,37978
2022-06,중앙선,1203,망우,157823,150239,70137,71292
2022-06,중앙선,1204,양원,65176,61681,20766,20700
2022-06,중앙선,1205,구리,301319,305116,80512,81166
2022-06,중앙선,1206,도농,248762,222495,65180,63074
2022-06,중앙선,1207,양정,13353,10920,8004,7087
2022-06,중앙선,1208,덕소,117392,117378,44272,43829
2022-06,중앙선,1209,도심,51755,38500,18705,17600
2022-06,중앙선,1210,팔당,23038,24414,9401,9398
2022-06,중앙선,1211,운길산,18762,17916,13722,14160
2022-06,중앙선,1212,양수,41026,40223,25756,25479
2022-06,중앙선,1213,신원,3713,3154,3699,3140
2022-06,중앙선,1214,국수,14068,13581,9537,9667
2022-06,중앙선,1215,아신,11932,12015,6742,6559
2022-06,중앙선,1216,오빈,5612,5449,4540,4518
2022-06,중앙선,1217,양평,62394,62167,32158,32886
2022-06,중앙선,1218,원덕,5854,5749,6959,6739
2022-06,중앙선,1219,용문,34168,34477,38467,38202
2022-06,중앙선,1220,지평,952,1282,1216,1173
2022-06,장항선,1401,봉명,25312,24607,10502,10076
2022-06,장항선,1402,쌍용(나사렛대),60089,55709,13329,12594
2022-06,장항선,1403,아산,99744,87686,12324,11492
2022-06,장항선,1404,탕정,22918,20209,3772,3605
2022-06,장항선,1405,배방,28391,28018,7331,7146
2022-06,장항선,1407,온양온천,79529,81655,45460,46284
2022-06,장항선,1408,신창(순천향대),49799,47596,6946,6411
2022-06,경의선,1252,신촌,19185,25151,3458,3987
2022-06,경의선,1261,효창공원앞,67827,76524,13735,15273
2022-06,경의선,1263,서강대,51516,51293,11281,10588
2022-06,경의선,1265,가좌,116008,107266,42746,42993
2022-06,경의선,1267,수색,61567,65049,14784,14615
2022-06,경의선,1268,화전,57133,52539,10151,9731
2022-06,경의선,1269,강매,73142,62283,18111,17232
2022-06,경의선,1270,행신,196544,194904,34426,35127
2022-06,경의선,1271,능곡,81372,74675,29268,28594
2022-06,경의선,1272,곡산,12456,13230,5454,5570
2022-06,경의선,1273,백마,161662,153029,32939,33008
2022-06,경의선,1274,풍산,128739,118525,35476,34640
2022-06,경의선,1275,일산,213580,206084,58248,58292
2022-06,경의선,1276,탄현,183530,170752,39104,38047
2022-06,경의선,1277,야당,192930,193976,36246,35127
2022-06,경의선,1278,운정,159717,145098,38692,37847
2022-06,경의선,1279,금릉,116417,112014,26013,26117
2022-06,경의선,1280,금촌,148316,145442,44460,44745
2022-06,경의선,1282,월롱,70245,66395,8662,9516
2022-06,경의선,1283,파주,30692,21240,6919,5764
2022-06,경의선,1284,문산,117524,115326,41665,41552
2022-06,경의선,1285,임진강,699,411,506,462
2022-06,경의선,1291,서울역,98704,125284,15532,18591
2022-06,경의선,1292,공덕,88533,76568,13809,13657
2022-06,경의선,1293,홍대입구,50306,61293,5116,5734
2022-06,경의선,1294,디지털미디어시티,65942,59425,11972,11717
2022-06,경의선,1296,계양,10,0,0,0
2022-06,경의선,1297,검암,2,0,0,0
2022-06,경춘선,1311,신내,45487,42574,16903,16202
2022-06,경춘선,1312,갈매,64470,54070,19963,18543
2022-06,경춘선,1313,별내,70289,65680,21310,20149
2022-06,경춘선,1314,퇴계원,74145,66219,27678,26739
2022-06,경춘선,1315,사릉,53766,51214,16396,16621
2022-06,경춘선,1316,금곡,29402,28016,16117,15724
2022-06,경춘선,1317,평내호평,134819,132462,45275,43265
2022-06,경춘선,1318,천마산,32182,28745,18637,18696
2022-06,경춘선,1319,마석,85306,82964,34265,34463
2022-06,경춘선,1320,대성리,29820,29420,6890,6432
2022-06,경춘선,1321,청평,41830,40602,19172,19159
2022-06,경춘선,1322,상천,5909,5083,5712,5580
2022-06,경춘선,1323,가평,53241,54246,18495,18342
2022-06,경춘선,1324,굴봉산,3822,3481,2930,2875
2022-06,경춘선,1325,백양리,1932,1904,1508,1462
2022-06,경춘선,1326,강촌,13133,11751,5476,5804
2022-06,경춘선,1327,김유정,8012,9126,4595,4906
2022-06,경춘선,1328,남춘천,62255,62278,27067,28950
2022-06,경춘선,1329,춘천,36778,32144,19793,15475
2022-06,수인선,1873,고색,108276,102845,16193,14939
2022-06,수인선,1874,오목천,86945,76936,13918,13562
2022-06,수인선,1875,어천,18864,18860,5381,6086
2022-06,수인선,1876,야목,9232,6615,2826,2223
2022-06,수인선,1877,사리,120693,103213,18755,17561
2022-06,수인선,1878,달월,1921,1549,1173,755
2022-06,수인선,1879,월곶,65846,61134,16230,16574
2022-06,수인선,1880,소래포구,113106,105406,76920,74278
2022-06,수인선,1881,인천논현,124677,134177,31300,31588
2022-06,수인선,1882,호구포,92652,95710,21199,20901
2022-06,수인선,1883,남동인더스파크,49040,55200,6470,6396
2022-06,수인선,1884,원인재,97067,101253,30573,31146
2022-06,수인선,1885,연수,107978,106255,28931,29046
2022-06,수인선,1886,송도,50107,46152,21238,21038
2022-06,수인선,1888,인하대,151999,143244,26858,25980
2022-06,수인선,1889,숭의,83693,76469,28499,27292
2022-06,수인선,1890,신포,40649,40709,13520,13742
2022-06,수인선,1891,인천,21482,38853,13294,17696
2022-06,경강선,1501,판교,125119,124686,14993,13379
2022-06,경강선,1502,이매,26783,21736,6928,6154
2022-06,경강선,1503,삼동,55991,49649,12392,12494
2022-06,경강선,1504,경기광주,190589,177572,31906,31683
2022-06,경강선,1505,초월,77224,72073,14852,14487
2022-06,경강선,1506,곤지암,53100,53627,14475,14940
2022-06,경강선,1507,신둔도예촌,39026,35799,8148,7991
2022-06,경강선,1508,이천,67725,70985,13688,14344
2022-06,경강선,1509,부발,56147,54841,9728,9451
2022-06,경강선,1510,세종대왕릉,7251,7288,3753,3820
2022-06,경강선,1511,여주,59476,61159,17632,17751
2022-06,5호선,2511,방화,137937,131714,49752,48419
2022-06,5호선,2512,개화산,118771,110938,38789,38540
2022-06,5호선,2513,김포공항,199130,193829,34763,37477
2022-06,5호선,2514,송정,136851,126007,48886,47142
2022-06,5호선,2515,마곡,238588,242865,39413,37524
2022-06,5호선,2516,발산,467462,496130,92633,90421
2022-06,5호선,2517,우장산,317635,305279,86822,89488
2022-06,5호선,2518,화곡,645975,591942,139941,134351
2022-06,5호선,2519,까치산,656560,612015,149154,149272
2022-06,5호선,2520,신정(은행정),318806,251237,63009,61340
2022-06,5호선,2521,목동,388417,411154,78327,78969
2022-06,5호선,2522,오목교(목동운동장앞),516502,554922,81823,81101
2022-06,5호선,2523,양평,166799,163443,27403,27120
2022-06,5호선,2524,영등포구청,85379,88392,19598,18910
2022-06,5호선,2525,영등포시장,219389,228240,68873,70470
2022-06,5호선,2526,신길,103322,108955,11316,11469
2022-06,5호선,2527,여의도,665599,721399,49615,47284
2022-06,5호선,2528,여의나루,325430,366502,30970,30241
2022-06,5호선,2529,마포,320255,328896,58381,58213
2022-06,5호선,2530,공덕,331260,354164,43794,41124
2022-06,5호선,2531,애오개,143394,142326,36127,35373
2022-06,5호선,2532,충정로(경기대입구),104057,104666,13501,13911
2022-06,5호선,2533,서대문,434438,443079,63000,58813
2022-06,5호선,2534,광화문(세종문화회관),741243,789305,77906,76586
2022-06,5호선,2535,종로3가,296871,289344,93558,95413
2022-06,5호선,2536,을지로4가,120818,127499,40283,40474
2022-06,5호선,2537,동대문역사문화공원(DDP),64460,76638,7704,8851
2022-06,5호선,2538,청구,84367,79434,24090,19050
2022-06,5호선,2539,신금호,141818,143287,37120,41435
2022-06,5호선,2540,행당,178493,155453,47278,42502
2022-06,5호선,2541,왕십리(성동구청),103709,126053,22891,22817
2022-06,5호선,2542,마장,118486,110319,37397,36300
2022-06,5호선,2543,답십리,353733,315908,77143,74216
2022-06,5호선,2544,장한평,407658,401162,86654,88010
2022-06,5호선,2545,군자(능동),274190,303905,39588,41824
2022-06,5호선,2546,아차산(어린이대공원후문),331226,315107,94520,92326
2022-06,5호선,2547,광나루(장신대),317440,288208,68509,65310
2022-06,5호선,2548,천호(풍납토성),405207,396711,126498,129085
2022-06,5호선,2549,강동,401850,383768,106498,104223
2022-06,5호선,2550,길동,152853,157683,70176,71528
2022-06,5호선,2551,굽은다리(강동구민회관앞),200198,192291,70188,65187
2022-06,5호선,2552,명일,179275,182564,67370,69692
2022-06,5호선,2553,고덕,198900,195767,66249,65361
2022-06,5호선,2554,상일동,322673,291473,86687,83098
2022-06,5호선,2555,둔촌동,167340,166992,59408,59814
2022-06,5호선,2556,올림픽공원(한국체대),96730,85772,35996,32363
2022-06,5호선,2557,방이,156076,160005,44409,43805
2022-06,5호선,2558,오금,81307,82528,19359,19010
2022-06,5호선,2559,개롱,132094,136810,46672,47915
2022-06,5호선,2560,거여,220589,209411,62384,60626
2022-06,5호선,2561,마천,149661,140271,53931,55648
2022-06,5호선,2562,강일,93872,89536,32872,32441
2022-06,5호선,2563,미사,385516,388562,73761,73977
2022-06,5호선,2564,하남풍산,92933,91808,24795,24546
2022-06,5호선,2565,하남시청(덕풍·신장),141102,132718,62562,63314
2022-06,5호선,2566,하남검단산,131254,124310,45950,45253
2022-06,6호선,2611,응암,377058,369648,110739,109269
2022-06,6호선,2612,역촌,73454,90378,30472,30431
2022-06,6호선,2613,불광,87650,91883,39739,32947
2022-06,6호선,2614,독바위,58299,58713,18852,23301
2022-06,6호선,2615,연신내,31,0,0,0
2022-06,6호선,2616,구산,169488,109419,47494,49425
2022-06,6호선,2617,새절(신사),273117,246781,82899,82580
2022-06,6호선,2618,증산(명지대앞),211934,206625,67779,68291
2022-06,6호선,2619,디지털미디어시티,330492,356712,55122,55838
2022-06,6호선,2620,월드컵경기장(성산),131988,166995,54503,53948
2022-06,6호선,2621,마포구청,321415,282783,73988,66728
2022-06,6호선,2622,망원,325156,351195,74153,77023
2022-06,6호선,2623,합정,355498,351209,38797,35622
2022-06,6호선,2624,상수,238880,282238,20087,20374
2022-06,6호선,2625,광흥창(서강),200897,191623,48708,48096
2022-06,6호선,2626,대흥(서강대앞),187729,192572,46033,45606
2022-06,6호선,2627,공덕,421804,408327,70491,65747
2022-06,6호선,2628,효창공원앞,163632,145885,36327,33475
2022-06,6호선,2629,삼각지,198420,167091,19815,15143
2022-06,6호선,2630,녹사평(용산구청),134274,138635,16953,16182
2022-06,6호선,2631,이태원,326397,364830,29471,30740
2022-06,6호선,2632,한강진,229720,275184,15388,15240
2022-06,6호선,2633,버티고개,47024,44633,12937,15086
2022-06,6호선,2634,약수,78048,79703,22070,21142
2022-06,6호선,2635,청구,80204,81175,18032,20739
2022-06,6호선,2636,신당,193579,201441,35133,34411
2022-06,6호선,2637,동묘앞,168680,174258,64074,59484
2022-06,6호선,2638,창신,80974,65766,17683,16772
2022-06,6호선,2639,보문,180009,161393,29077,27310
2022-06,6호선,2640,안암(고대병원앞),286914,287617,33552,32461
2022-06,6호선,2641,고려대(종암),196180,188812,32642,32347
2022-06,6호선,2642,월곡(동덕여대),252671,244356,66010,65524
2022-06,6호선,2643,상월곡(한국과학기술연구원),138207,121968,38373,37406
2022-06,6호선,2644,돌곶이,206249,185970,55330,53738
2022-06,6호선,2645,석계,266828,278345,72263,72263
2022-06,6호선,2646,태릉입구,129913,144044,29495,30226
2022-06,6호선,2647,화랑대(서울여대입구),273872,208423,45222,40918
2022-06,6호선,2648,봉화산(서울의료원),194212,181189,46362,46105
2022-06,6호선,2649,신내,4,0,0,0
2022-06,7호선,2711,장암,54034,21483,10273,7448
2022-06,7호선,2712,도봉산,211537,239863,50040,69336
2022-06,7호선,2713,수락산,268036,259812,93767,94833
2022-06,7호선,2714,마들,276555,254646,81194,80164
2022-06,7호선,2715,노원,433834,461602,115026,115589
2022-06,7호선,2716,중계,310728,277462,87920,84685
2022-06,7호선,2717,하계,393541,364405,100055,96967
2022-06,7호선,2718,공릉(서울과학기술대),264075,258928,67285,67726
2022-06,7호선,2719,태릉입구,206014,193802,43478,40330
2022-06,7호선,2720,먹골,219638,211213,61992,62879
2022-06,7호선,2721,중화,233592,225090,61330,61322
2022-06,7호선,2722,상봉(시외버스터미널),403700,379891,69709,66623
2022-06,7호선,2723,면목,338407,320312,90537,93303
2022-06,7호선,2724,사가정,353326,348449,95159,94517
2022-06,7호선,2725,용마산(용마폭포공원),132898,125807,33940,36710
2022-06,7호선,2726,중곡,241834,219480,59338,59696
2022-06,7호선,2727,군자(능동),340350,262230,75691,65363
2022-06,7호선,2728,어린이대공원(세종대),368976,371206,40723,40569
2022-06,7호선,2729,건대입구,319120,340821,53235,48500
2022-06,7호선,2730,뚝섬유원지,233903,220562,44385,44025
2022-06,7호선,2731,청담,443677,508582,72406,69584
2022-06,7호선,2732,강남구청,386235,435672,48122,49289
2022-06,7호선,2733,학동,550416,591040,57688,54896
2022-06,7호선,2734,논현,448807,484052,43000,43169
2022-06,7호선,2735,반포,135149,131044,33067,31701
2022-06,7호선,2736,고속터미널,427392,336462,72994,63184
2022-06,7호선,2737,내방,317833,326793,64774,62860
2022-06,7호선,2738,이수,378653,365673,76743,72515
2022-06,7호선,2739,남성,243331,219881,68171,67044
2022-06,7호선,2740,숭실대입구(살피재),306129,304697,58250,60732
2022-06,7호선,2741,상도,252596,243503,58295,55636
2022-06,7호선,2742,장승배기,189729,181293,62106,63083
2022-06,7호선,2743,신대방삼거리,342789,317778,84108,85779
2022-06,7호선,2744,보라매,191173,189775,36055,36739
2022-06,7호선,2745,신풍,253286,238146,71523,71790
2022-06,7호선,2746,대림(구로구청),206724,208866,36002,35005
2022-06,7호선,2747,남구로,353174,373408,58008,58297
2022-06,7호선,2748,가산디지털단지,1009940,1007531,83005,78395
2022-06,7호선,2749,철산,489956,500023,96085,94902
2022-06,7호선,2750,광명사거리,472950,459727,140254,145153
2022-06,7호선,2751,천왕,258209,242601,54023,53500
2022-06,7호선,2752,온수(성공회대입구),241127,226655,38403,36323
2022-06,7호선,2753,까치울,1,0,0,0
2022-06,7호선,2756,신중동,0,0,1,0
2022-06,7호선,2758,상동,1,0,0,0
2022-06,7호선,2761,부평구청,1,0,0,0
2022-06,8호선,2811,암사,416649,357608,99523,98033
2022-06,8호선,2812,천호(풍납토성),334590,400051,78936,75960
2022-06,8호선,2813,강동구청,217753,224803,61298,61135
2022-06,8호선,2814,몽촌토성(평화의문),141192,146257,31843,31511
2022-06,8호선,2815,잠실(송파구청),350963,426707,67958,66751
2022-06,8호선,2816,석촌,163957,195424,47004,50564
2022-06,8호선,2817,송파,180441,176649,56115,55673
2022-06,8호선,2818,가락시장,150139,173218,57131,58036
2022-06,8호선,2819,문정,483416,511533,55708,55300
2022-06,8호선,2820,장지,399632,382269,76144,72135
2022-06,8호선,2821,복정,227495,191396,39253,35084
2022-06,8호선,2822,산성,123198,121070,30483,33416
2022-06,8호선,2823,남한산성입구(성남법원.검찰청),318666,285209,76760,73956
2022-06,8호선,2824,단대오거리,231379,220682,69833,67177
2022-06,8호선,2825,신흥,85827,94087,34426,35674
2022-06,8호선,2826,수진,108793,97464,44215,43280
2022-06,8호선,2827,모란,84715,71396,52726,40939
2022-06,8호선,2828,남위례,123536,128852,24850,25257
2022-06,9호선,4101,개화,58088,40386,13349,10885
2022-06,9호선,4102,김포공항,221362,338456,19958,24712
2022-06,9호선,4103,공항시장,61253,64974,23655,26026
2022-06,9호선,4104,신방화,146256,139159,44165,44364
2022-06,9호선,4105,마곡나루(서울식물원),308862,308986,31587,30885
2022-06,9호선,4106,양천향교,222424,226212,43903,43588
2022-06,9호선,4107,가양,456785,442530,123819,120665
2022-06,9호선,4108,증미,155665,148532,39974,40828
2022-06,9호선,4109,등촌,236111,221113,76249,76573
2022-06,9호선,4110,염창,415850,395867,69664,68492
2022-06,9호선,4111,신목동,96658,80987,22065,20513
2022-06,9호선,4112,선유도,202723,192069,28155,27364
2022-06,9호선,4113,당산,452840,457909,63561,59431
2022-06,9호선,4114,국회의사당,354154,374340,49490,43877
2022-06,9호선,4115,여의도,690723,666985,46163,42579
2022-06,9호선,4116,샛강,140333,137722,27516,26503
2022-06,9호선,4117,노량진,639180,628480,81621,82388
2022-06,9호선,4118,노들,101310,82659,31132,28727
2022-06,9호선,4119,흑석(중앙대입구),186994,191190,53158,53327
2022-06,9호선,4120,동작(현충원),55475,46637,23381,22664
2022-06,9호선,4121,구반포,24759,25761,10433,10260
2022-06,9호선,4122,신반포,84871,83934,21389,21521
2022-06,9호선,4123,고속터미널,357462,481223,59758,69370
2022-06,9호선,4124,사평,83038,78903,20979,20856
2022-06,9호선,4125,신논현,809134,806475,53113,50891
2022-06,공항철도 1호선,4201,서울역,253826,241692,33926,29529
2022-06,공항철도 1호선,4202,공덕,59091,80400,7498,9037
2022-06,공항철도 1호선,4203,홍대입구,313487,318979,17489,16376
2022-06,공항철도 1호선,4204,디지털미디어시티,348960,321583,24724,23397
2022-06,공항철도 1호선,4206,마곡나루(서울식물원),225388,219346,14374,14507
2022-06,공항철도 1호선,4207,김포공항,349026,187416,25964,16477
2022-06,공항철도 1호선,4208,계양,274920,253928,30703,28727
2022-06,공항철도 1호선,4209,검암,171187,169675,16827,16966
2022-06,공항철도 1호선,4210,청라국제도시,187579,176893,13412,13260
2022-06,공항철도 1호선,4211,운서,190716,193936,28796,29051
2022-06,공항철도 1호선,4212,공항화물청사,51732,55958,8803,8577
2022-06,공항철도 1호선,4213,인천공항1터미널,179603,171464,21312,20779
2022-06,공항철도 1호선,4215,인천공항2터미널,85684,76347,9455,8965
2022-06,공항철도 1호선,4217,영종,77678,78250,21595,21380
2022-06,9호선2~3단계,4126,언주,257411,264238,27359,27012
2022-06,9호선2~3단계,4127,선정릉,236514,262462,24513,25298
2022-06,9호선2~3단계,4128,삼성중앙,165563,174475,23342,23288
2022-06,9호선2~3단계,4129,봉은사,464862,484512,48787,46567
2022-06,9호선2~3단계,4130,종합운동장,108132,109097,18166,16879
2022-06,9호선2~3단계,4131,삼전,159667,150598,34322,33315
2022-06,9호선2~3단계,4132,석촌고분,140931,134701,32975,33026
2022-06,9호선2~3단계,4133,석촌,213533,186698,35140,30087
2022-06,9호선2~3단계,4134,송파나루,119262,128679,25668,26787
2022-06,9호선2~3단계,4135,한성백제,60402,54969,15470,13958
2022-06,9호선2~3단계,4136,올림픽공원(한국체대),189680,188598,29827,30174
2022-06,9호선2~3단계,4137,둔촌오륜,24922,22361,6067,6479
2022-06,9호선2~3단계,4138,중앙보훈병원,215744,186076,73370,71732
2022-06,우이신설선,4701,북한산우이,58535,53000,34504,35828
2022-06,우이신설선,4702,솔밭공원,42482,37271,28274,29651
2022-06,우이신설선,4703,4.19민주묘지,56275,54138,34889,30800
2022-06,우이신설선,4704,가오리,71753,67299,46509,47920
2022-06,우이신설선,4705,화계,57175,49709,39978,40267
2022-06,우이신설선,4706,삼양,30870,30546,25932,28366
2022-06,우이신설선,4707,삼양사거리,36609,35727,33921,33617
2022-06,우이신설선,4708,솔샘,123891,110373,37646,38871
2022-06,우이신설선,4709,북한산보국문,133021,119840,40912,41303
2022-06,우이신설선,4710,정릉,92057,78667,44387,41146
2022-06,우이신설선,4711,성신여대입구(돈암),67796,81002,27287,26506
2022-06,우이신설선,4712,보문,29730,29588,14052,14170
2022-06,우이신설선,4713,신설동,33246,34538,26620,23942
2022-06,신림선,4401,샛강,43697,59993,13891,15172
2022-06,신림선,4402,대방,39672,28181,10930,8960
2022-06,신림선,4403,서울지방병무청,40443,43316,16333,17686
2022-06,신림선,4404,보라매,53622,49400,17654,15021
2022-06,신림선,4405,보라매공원,33497,36733,12589,14205
2022-06,신림선,4406,보라매병원,108218,113374,36471,34737
2022-06,신림선,4407,당곡,67329,63441,24803,23951
2022-06,신림선,4408,신림,32979,45402,14286,15472
2022-06,신림선,4409,서원,54559,46712,17717,17687
2022-06,신림선,4410,서울대벤처타운,123769,120482,46688,47814
2022-06,신림선,4411,관악산(서울대),55565,57858,43807,44369